<?xml version="1.0" encoding="UTF-8"?>
<project-private xmlns="http://www.netbeans.org/ns/project-private/1">
    <editor-bookmarks xmlns="http://www.netbeans.org/ns/editor-bookmarks/2" lastBookmarkId="0"/>
    <open-files xmlns="http://www.netbeans.org/ns/projectui-open-files/2">
        <group>
            <file>file:/C:/Users/fatec-dsm2/Desktop/programando_em_java/Slide-09/ex_01/src/views/Fmenu.java</file>
            <file>file:/C:/Users/fatec-dsm2/Desktop/programando_em_java/Slide-09/ex_01/src/controllers/Usuario.java</file>
            <file>file:/C:/Users/fatec-dsm2/Desktop/programando_em_java/Slide-09/ex_01/src/views/FLogin.java</file>
        </group>
    </open-files>
</project-private>
